id,wiki_page_id,filename,disk_filename,content_type,created_on,description,login,name
14,6,jigsawfish-small.png,110127114552_jigsawfish-small.png,image/png,2011-01-27 11:45:52.404672,"",dtaht,Dave Täht
29,123,t.svg,110520141229_t.svg,image/svg+xml,2011-05-20 14:12:29.303322,"",dtaht,Dave Täht
30,123,lab.gv,110520141401_lab.gv,text/vnd.graphviz,2011-05-20 14:14:01.326686,"Just a preliminary, inaccurate attempt at a description in graphviz",dtaht,Dave Täht
37,165,flanders320fade.jpg,110709145314_flanders320fade.jpg,image/jpeg,2011-07-09 14:53:14.932041,"",dtaht,Dave Täht
63,215,networkdesign.png,111017071809_networkdesign.png,image/png,2011-10-17 07:18:09.172978,"",dtaht,Dave Täht
198,293,149.20.63.30.rrul_noclassification-wondershaper-fixedecn.svg,131229042406_149.20.63.30.rrul_noclassification-wondershaper-fixedecn.svg,image/svg+xml,2013-12-29 04:24:06.405251,wondershaper,dtaht,Dave Täht
199,293,149.20.63.30.rrul_noclassification-ethernet.svg,131229042558_149.20.63.30.rrul_noclassification-ethernet.svg,image/svg+xml,2013-12-29 04:25:58.906446,ceroshaper,dtaht,Dave Täht
200,293,wshaper-800-220.svg,131229050304_wshaper-800-220.svg,image/svg+xml,2013-12-29 05:03:04.692941,wondershaper at 800kbit 220 kbit,dtaht,Dave Täht
201,293,3band-800-220.svg,131229050543_3band-800-220.svg,image/svg+xml,2013-12-29 05:05:43.083201,"",dtaht,Dave Täht
202,293,nfq_codel-800-220-ecn.svg,131229051851_nfq_codel-800-220-ecn.svg,image/svg+xml,2013-12-29 05:18:51.880993,nfq_codel,dtaht,Dave Täht
218,307,beating_the_bloat.pdf,140803074629_beating_the_bloat.pdf,application/pdf,2014-08-03 07:46:29.258119,"",dtaht,Dave Täht
18,91,wndr3700v2.jpg,110416095511_wndr3700v2.jpg,image/jpeg,2011-04-16 09:55:11.204095,WNDR 3700 bottom,nick,Nick Feamster
19,91,wndr3700v2-box.jpg,110416095532_wndr3700v2-box.jpg,image/jpeg,2011-04-16 09:55:32.942709,WNDR 3700 box,nick,Nick Feamster
20,91,wndr3700v2.jpg,110416095847_wndr3700v2.jpg,image/jpeg,2011-04-16 09:58:47.994131,"",nick,Nick Feamster
21,91,wndr3700v2-box.jpg,110416095913_wndr3700v2-box.jpg,image/jpeg,2011-04-16 09:59:13.787072,"",nick,Nick Feamster
22,48,m2e-delay.PNG,110426042225_m2e-delay.PNG,image/png,2011-04-26 04:22:25.271494,quality vs delay,bew,Wolfgang B Beck
24,48,m2e-delay.zip,110426042651_m2e-delay.zip,application/zip,2011-04-26 04:26:51.392105,"",bew,Wolfgang B Beck
224,317,cake-battlemesh-v8.pdf,150817135028_cake-battlemesh-v8.pdf,application/pdf,2015-08-17 13:50:28.154459,Slides shown at Battlemesh v8,Chromatix,Jonathan Morton
104,235,tunnelbroker5.png,120317071431_tunnelbroker5.png,image/png,2012-03-17 07:14:31.053995,"",richb-hanover,Rich Brown
170,287,CeroWrt-QoS-steps.png,130403135421_CeroWrt-QoS-steps.png,image/png,2013-04-03 13:54:21.288023,"",richb-hanover,Rich Brown
208,298,CeroWrtTorontoBasic.png,140322141921_CeroWrtTorontoBasic.png,image/png,2014-03-22 14:19:21.425262,"",richb-hanover,Rich Brown
209,298,CeroWrtTorontoQDisc.png,140322141921_CeroWrtTorontoQDisc.png,image/png,2014-03-22 14:19:21.511052,"",richb-hanover,Rich Brown
210,298,CeroWrtTorontoLinkLayer.png,140322141921_CeroWrtTorontoLinkLayer.png,image/png,2014-03-22 14:19:21.527375,"",richb-hanover,Rich Brown
211,300,CeroWrtTorontoBCP38.png,140322150351_CeroWrtTorontoBCP38.png,image/png,2014-03-22 15:03:51.815356,"",richb-hanover,Rich Brown
212,298,CeroWrtTorontoBasic1.png,140330154553_CeroWrtTorontoBasic1.png,image/png,2014-03-30 15:45:53.644831,"",richb-hanover,Rich Brown
213,298,CeroWrtToronto-QDisc1.png,140330154553_CeroWrtToronto-QDisc1.png,image/png,2014-03-30 15:45:53.695086,"",richb-hanover,Rich Brown
214,298,CeroWrtTorontoLinkLayer1.png,140330154553_CeroWrtTorontoLinkLayer1.png,image/png,2014-03-30 15:45:53.711613,"",richb-hanover,Rich Brown
85,135,flanders320fade.jpg,120122121434_flanders320fade.jpg,image/jpeg,2012-01-22 12:14:34.158337,"",richb-hanover,Rich Brown
91,224,flanders320fade.jpeg,120301171500_flanders320fade.jpeg,image/jpeg,2012-03-01 17:15:00.557153,"",richb-hanover,Rich Brown
93,232,CeroWrt-QoS-steps.png,120301173253_CeroWrt-QoS-steps.png,image/png,2012-03-01 17:32:53.842508,"",richb-hanover,Rich Brown
100,235,tunnelbroker1.png,120317071311_tunnelbroker1.png,image/png,2012-03-17 07:13:11.68191,"",richb-hanover,Rich Brown
101,235,tunnelbroker2.png,120317071430_tunnelbroker2.png,image/png,2012-03-17 07:14:31.000749,"",richb-hanover,Rich Brown
102,235,tunnelbroker3.png,120317071431_tunnelbroker3.png,image/png,2012-03-17 07:14:31.021212,"",richb-hanover,Rich Brown
103,235,tunnelbroker4.png,120317071431_tunnelbroker4.png,image/png,2012-03-17 07:14:31.037948,"",richb-hanover,Rich Brown
158,164,multiple_packet_sizes.ods,130109100547_multiple_packet_sizes.ods,application/vnd.oasis.opendocument.spreadsheet,2013-01-09 10:05:47.021365,Early TFO Results on Home WiFi,ketkulka,Ketan Kulkarni
222,313,abstract-combined.pdf,141012142441_abstract-combined.pdf,application/pdf,2014-10-12 14:24:41.707177,"Abstract, ""How to reliably measure...""",tohojo,Toke Høiland-Jørgensen
223,313,abstract-aqm-algorithms.pdf,141013021319_abstract-aqm-algorithms.pdf,application/pdf,2014-10-13 02:13:19.766361,"Abstract, ""Steady state, fairness and transient behaviour of modern AQMs""",tohojo,Toke Høiland-Jørgensen
